ts_utc_iso,ts_epoch,level,logger,message,exception
2026-01-12T21:43:47.499866+00:00,1768254227.499866,INFO,__main__,CSV_LOG enabled path=runs\btc15m_live_20260112_214347.csv,
2026-01-12T21:43:50.208222+00:00,1768254230.208222,INFO,__main__,BALANCE available=$54.63 portfolio_value=$0.00,
2026-01-12T21:43:50.261781+00:00,1768254230.261781,INFO,__main__,21:43:49Z  KXBTC15M-26JAN121645-45  tte=1m10s  spot=$91245.37  strike=$91274.60  fee_mode=taker  fee/c=$0.0200  p_up=1.79%  mkt=60.00%  EV_yes=-60.21%  EV_no=25.21%  decision=NO  kelly=9.38%  qty=7,
2026-01-12T21:43:50.262070+00:00,1768254230.262070,WARNING,tradebot.tools.order_execution,RISK_BLOCK KXBTC15M-26JAN121645-45 side=NO qty=7 price=71c (risk_block total_abs_contracts=7 > max_total_abs_contracts=2),
2026-01-12T21:43:56.076704+00:00,1768254236.076704,INFO,__main__,BALANCE available=$54.63 portfolio_value=$0.00,
2026-01-12T21:43:56.130095+00:00,1768254236.130095,INFO,__main__,21:43:55Z  KXBTC15M-26JAN121645-45  tte=1m04s  spot=$91231.03  strike=$91274.60  fee_mode=taker  fee/c=$0.0200  p_up=0.91%  mkt=35.00%  EV_yes=-36.09%  EV_no=19.09%  decision=NO  kelly=9.59%  qty=6,
2026-01-12T21:43:56.130362+00:00,1768254236.130362,WARNING,tradebot.tools.order_execution,RISK_BLOCK KXBTC15M-26JAN121645-45 side=NO qty=6 price=78c (risk_block total_abs_contracts=6 > max_total_abs_contracts=2),
2026-01-12T21:44:01.579731+00:00,1768254241.579731,INFO,__main__,No active markets found,
2026-01-12T21:44:07.184861+00:00,1768254247.184861,INFO,__main__,No active markets found,
2026-01-12T21:44:12.582473+00:00,1768254252.582473,INFO,__main__,No active markets found,
2026-01-12T21:44:18.028318+00:00,1768254258.028318,INFO,__main__,No active markets found,
2026-01-12T21:44:23.548248+00:00,1768254263.548248,INFO,__main__,No active markets found,
2026-01-12T21:44:28.965752+00:00,1768254268.965752,INFO,__main__,No active markets found,
2026-01-12T21:44:34.383234+00:00,1768254274.383234,INFO,__main__,No active markets found,
2026-01-12T21:44:39.838269+00:00,1768254279.838269,INFO,__main__,No active markets found,
2026-01-12T21:44:45.213717+00:00,1768254285.213717,INFO,__main__,No active markets found,
2026-01-12T21:44:50.699348+00:00,1768254290.699348,INFO,__main__,No active markets found,
2026-01-12T21:44:56.331357+00:00,1768254296.331357,INFO,__main__,No active markets found,
2026-01-12T21:45:01.847647+00:00,1768254301.847647,INFO,__main__,No active markets found,
2026-01-12T21:45:07.250397+00:00,1768254307.250397,INFO,__main__,No active markets found,
2026-01-12T21:45:12.669933+00:00,1768254312.669933,INFO,__main__,No active markets found,
2026-01-12T21:45:18.124270+00:00,1768254318.124270,INFO,__main__,No active markets found,
2026-01-12T21:45:23.562796+00:00,1768254323.562796,INFO,__main__,No active markets found,
2026-01-12T21:45:29.607720+00:00,1768254329.607720,INFO,__main__,BALANCE available=$54.63 portfolio_value=$0.00,
2026-01-12T21:45:29.666402+00:00,1768254329.666402,INFO,__main__,21:45:29Z  KXBTC15M-26JAN121700-00  tte=14m30s  spot=$91200.01  strike=$2026.00  fee_mode=taker  fee/c=$0.0200  p_up=97.48%  mkt=51.00%  EV_yes=44.48%  EV_no=-49.48%  decision=YES  kelly=9.49%  qty=9,
2026-01-12T21:45:29.666648+00:00,1768254329.666648,INFO,tradebot.tools.order_execution,TTE_BLOCK KXBTC15M-26JAN121700-00 tte=870s > max_tte=840s,
2026-01-12T21:45:35.521873+00:00,1768254335.521873,INFO,__main__,BALANCE available=$54.63 portfolio_value=$0.00,
2026-01-12T21:45:35.579921+00:00,1768254335.579921,INFO,__main__,21:45:35Z  KXBTC15M-26JAN121700-00  tte=14m24s  spot=$91200.01  strike=$2026.00  fee_mode=taker  fee/c=$0.0200  p_up=97.48%  mkt=47.00%  EV_yes=48.48%  EV_no=-54.48%  decision=YES  kelly=9.53%  qty=10,
2026-01-12T21:45:35.580200+00:00,1768254335.580200,INFO,tradebot.tools.order_execution,TTE_BLOCK KXBTC15M-26JAN121700-00 tte=864s > max_tte=840s,
2026-01-12T21:45:41.445906+00:00,1768254341.445906,INFO,__main__,BALANCE available=$54.63 portfolio_value=$0.00,
2026-01-12T21:45:41.499242+00:00,1768254341.499242,INFO,__main__,21:45:41Z  KXBTC15M-26JAN121700-00  tte=14m18s  spot=$91184.40  strike=$2026.00  fee_mode=taker  fee/c=$0.0200  p_up=97.48%  mkt=44.00%  EV_yes=51.48%  EV_no=-59.48%  decision=YES  kelly=9.55%  qty=11,
2026-01-12T21:45:41.499525+00:00,1768254341.499525,INFO,tradebot.tools.order_execution,TTE_BLOCK KXBTC15M-26JAN121700-00 tte=858s > max_tte=840s,
2026-01-12T21:45:47.584734+00:00,1768254347.584734,INFO,__main__,BALANCE available=$54.63 portfolio_value=$0.00,
2026-01-12T21:45:47.638283+00:00,1768254347.638283,INFO,__main__,21:45:47Z  KXBTC15M-26JAN121700-00  tte=14m12s  spot=$91179.40  strike=$2026.00  fee_mode=taker  fee/c=$0.0200  p_up=97.48%  mkt=36.00%  EV_yes=59.48%  EV_no=-64.48%  decision=YES  kelly=9.61%  qty=13,
2026-01-12T21:45:47.638617+00:00,1768254347.638617,INFO,tradebot.tools.order_execution,TTE_BLOCK KXBTC15M-26JAN121700-00 tte=852s > max_tte=840s,
2026-01-12T21:45:53.651736+00:00,1768254353.651736,INFO,__main__,BALANCE available=$54.63 portfolio_value=$0.00,
2026-01-12T21:45:53.712591+00:00,1768254353.712591,INFO,__main__,21:45:53Z  KXBTC15M-26JAN121700-00  tte=14m06s  spot=$91159.41  strike=$2026.00  fee_mode=taker  fee/c=$0.0200  p_up=97.48%  mkt=32.00%  EV_yes=63.48%  EV_no=-68.48%  decision=YES  kelly=9.63%  qty=15,
2026-01-12T21:45:53.712887+00:00,1768254353.712887,INFO,tradebot.tools.order_execution,TTE_BLOCK KXBTC15M-26JAN121700-00 tte=846s > max_tte=840s,
2026-01-12T21:45:59.746617+00:00,1768254359.746617,INFO,__main__,BALANCE available=$54.63 portfolio_value=$0.00,
2026-01-12T21:45:59.801795+00:00,1768254359.801795,INFO,__main__,21:45:59Z  KXBTC15M-26JAN121700-00  tte=14m00s  spot=$91171.27  strike=$91232.70  fee_mode=taker  fee/c=$0.0200  p_up=21.81%  mkt=33.00%  EV_yes=-13.19%  EV_no=7.19%  decision=NO  kelly=2.96%  qty=2,
2026-01-12T21:45:59.802040+00:00,1768254359.802040,INFO,tradebot.tools.order_execution,ORDER KXBTC15M-26JAN121700-00 NO qty=2 @ 69c ($0.69) mode=taker_ioc fee_assumption=taker spot=$91171.27 strike=$91232.70 EV_after_fees=7.189% exp_profit=$0.14 exp_fee_total=$0.03 exp_fee_per_contract=$0.0150 exp_cost=$1.41 tte=840s,
2026-01-12T21:45:59.853287+00:00,1768254359.853287,INFO,tradebot.tools.order_execution,ORDER_ACK KXBTC15M-26JAN121700-00 side=NO order_id=67f541b4-ec3e-4818-a63c-e1d3ab2e20e1,
2026-01-12T21:46:06.140472+00:00,1768254366.140472,INFO,__main__,BALANCE available=$53.22 portfolio_value=$1.32,
2026-01-12T21:46:06.207752+00:00,1768254366.207752,INFO,__main__,21:46:05Z  KXBTC15M-26JAN121700-00  tte=13m54s  spot=$91164.02  strike=$91232.70  fee_mode=taker  fee/c=$0.0200  p_up=21.25%  mkt=32.00%  EV_yes=-12.75%  EV_no=6.75%  decision=NO  kelly=2.92%  qty=2,
2026-01-12T21:46:06.208012+00:00,1768254366.208012,WARNING,tradebot.tools.order_execution,RISK_BLOCK KXBTC15M-26JAN121700-00 side=NO qty=2 price=70c (risk_block total_abs_contracts=4 > max_total_abs_contracts=2),
2026-01-12T21:46:12.165892+00:00,1768254372.165892,INFO,__main__,BALANCE available=$53.22 portfolio_value=$1.32,
2026-01-12T21:46:12.215683+00:00,1768254372.215683,INFO,__main__,21:46:11Z  KXBTC15M-26JAN121700-00  tte=13m48s  spot=$91184.41  strike=$91232.70  fee_mode=taker  fee/c=$0.0200  p_up=25.28%  mkt=35.00%  EV_yes=-11.72%  EV_no=6.72%  decision=NO  kelly=2.56%  qty=2,
2026-01-12T21:46:12.215949+00:00,1768254372.215949,WARNING,tradebot.tools.order_execution,RISK_BLOCK KXBTC15M-26JAN121700-00 side=NO qty=2 price=66c (risk_block total_abs_contracts=4 > max_total_abs_contracts=2),
2026-01-12T21:46:18.109626+00:00,1768254378.109626,INFO,__main__,BALANCE available=$53.22 portfolio_value=$1.32,
2026-01-12T21:46:18.181082+00:00,1768254378.181082,INFO,__main__,21:46:17Z  KXBTC15M-26JAN121700-00  tte=13m42s  spot=$91188.86  strike=$91232.70  fee_mode=taker  fee/c=$0.0200  p_up=27.35%  mkt=37.00%  EV_yes=-11.65%  EV_no=4.65%  decision=NO  kelly=1.96%  qty=1,
2026-01-12T21:46:18.181383+00:00,1768254378.181383,WARNING,tradebot.tools.order_execution,RISK_BLOCK KXBTC15M-26JAN121700-00 side=NO qty=1 price=66c (risk_block total_abs_contracts=3 > max_total_abs_contracts=2),
2026-01-12T21:46:24.154901+00:00,1768254384.154901,INFO,__main__,BALANCE available=$53.22 portfolio_value=$1.32,
2026-01-12T21:46:24.211583+00:00,1768254384.211583,INFO,__main__,21:46:23Z  KXBTC15M-26JAN121700-00  tte=13m36s  spot=$91194.00  strike=$91232.70  fee_mode=taker  fee/c=$0.0200  p_up=30.26%  mkt=40.00%  EV_yes=-11.74%  EV_no=2.74%  decision=NO  kelly=1.35%  qty=1,
2026-01-12T21:46:24.211863+00:00,1768254384.211863,WARNING,tradebot.tools.order_execution,RISK_BLOCK KXBTC15M-26JAN121700-00 side=NO qty=1 price=65c (risk_block total_abs_contracts=3 > max_total_abs_contracts=2),
2026-01-12T21:46:30.286227+00:00,1768254390.286227,INFO,__main__,BALANCE available=$53.22 portfolio_value=$1.28,
2026-01-12T21:46:30.348880+00:00,1768254390.348880,INFO,__main__,21:46:29Z  KXBTC15M-26JAN121700-00  tte=13m30s  spot=$91178.01  strike=$91232.70  fee_mode=taker  fee/c=$0.0200  p_up=24.41%  mkt=37.00%  EV_yes=-14.59%  EV_no=8.59%  decision=NO  kelly=3.02%  qty=2,
2026-01-12T21:46:30.349235+00:00,1768254390.349235,WARNING,tradebot.tools.order_execution,RISK_BLOCK KXBTC15M-26JAN121700-00 side=NO qty=2 price=65c (risk_block total_abs_contracts=4 > max_total_abs_contracts=2),
2026-01-12T21:46:36.323311+00:00,1768254396.323311,INFO,__main__,BALANCE available=$53.22 portfolio_value=$1.28,
2026-01-12T21:46:36.381070+00:00,1768254396.381070,INFO,__main__,21:46:35Z  KXBTC15M-26JAN121700-00  tte=13m24s  spot=$91160.94  strike=$91232.70  fee_mode=taker  fee/c=$0.0200  p_up=19.72%  mkt=29.00%  EV_yes=-11.28%  EV_no=5.28%  decision=NO  kelly=2.70%  qty=1,
2026-01-12T21:46:36.381327+00:00,1768254396.381327,WARNING,tradebot.tools.order_execution,RISK_BLOCK KXBTC15M-26JAN121700-00 side=NO qty=1 price=73c (risk_block total_abs_contracts=3 > max_total_abs_contracts=2),
2026-01-12T21:46:42.324694+00:00,1768254402.324694,INFO,__main__,BALANCE available=$53.22 portfolio_value=$1.28,
2026-01-12T21:46:42.389904+00:00,1768254402.389904,INFO,__main__,21:46:41Z  KXBTC15M-26JAN121700-00  tte=13m18s  spot=$91138.50  strike=$91232.70  fee_mode=taker  fee/c=$0.0200  p_up=16.77%  mkt=23.00%  EV_yes=-8.23%  EV_no=3.23%  decision=NO  kelly=2.38%  qty=1,
2026-01-12T21:46:42.390158+00:00,1768254402.390158,WARNING,tradebot.tools.order_execution,RISK_BLOCK KXBTC15M-26JAN121700-00 side=NO qty=1 price=78c (risk_block total_abs_contracts=3 > max_total_abs_contracts=2),
2026-01-12T21:46:48.282703+00:00,1768254408.282703,INFO,__main__,BALANCE available=$53.22 portfolio_value=$1.38,
2026-01-12T21:46:48.355205+00:00,1768254408.355205,INFO,__main__,21:46:47Z  KXBTC15M-26JAN121700-00  tte=13m12s  spot=$91127.39  strike=$91232.70  fee_mode=taker  fee/c=$0.0200  p_up=16.21%  mkt=23.00%  EV_yes=-8.79%  EV_no=1.79%  decision=NO  kelly=1.90%  qty=1,
2026-01-12T21:46:48.355464+00:00,1768254408.355464,INFO,tradebot.tools.order_execution,ENTRY_BLOCK KXBTC15M-26JAN121700-00 side=NO ev_after_fees=0.0179 <= min_entry_edge=0.0250,
2026-01-12T21:46:54.365110+00:00,1768254414.365110,INFO,__main__,BALANCE available=$53.22 portfolio_value=$1.28,
2026-01-12T21:46:54.428841+00:00,1768254414.428841,INFO,__main__,21:46:53Z  KXBTC15M-26JAN121700-00  tte=13m06s  spot=$91128.76  strike=$91232.70  fee_mode=taker  fee/c=$0.0200  p_up=16.25%  mkt=23.00%  EV_yes=-8.75%  EV_no=0.75%  decision=NO  kelly=1.45%  qty=0,
2026-01-12T21:47:00.397197+00:00,1768254420.397197,INFO,__main__,BALANCE available=$53.22 portfolio_value=$1.62,
2026-01-12T21:47:00.449755+00:00,1768254420.449755,INFO,__main__,21:46:59Z  KXBTC15M-26JAN121700-00  tte=13m00s  spot=$91126.00  strike=$91232.70  fee_mode=taker  fee/c=$0.0200  p_up=15.47%  mkt=23.00%  EV_yes=-9.53%  EV_no=4.53%  decision=NO  kelly=2.97%  qty=1,
2026-01-12T21:47:00.450026+00:00,1768254420.450026,WARNING,tradebot.tools.order_execution,RISK_BLOCK KXBTC15M-26JAN121700-00 side=NO qty=1 price=78c (risk_block total_abs_contracts=3 > max_total_abs_contracts=2),
2026-01-12T21:47:06.355249+00:00,1768254426.355249,INFO,__main__,BALANCE available=$53.22 portfolio_value=$1.56,
2026-01-12T21:47:06.420316+00:00,1768254426.420316,INFO,__main__,21:47:05Z  KXBTC15M-26JAN121700-00  tte=12m54s  spot=$91100.00  strike=$91232.70  fee_mode=taker  fee/c=-  p_up=13.83%  mkt=19.00%  EV_yes=-7.17%  EV_no=-0.83%  decision=-  kelly=-  qty=-,
2026-01-12T21:47:12.326716+00:00,1768254432.326716,INFO,__main__,BALANCE available=$53.22 portfolio_value=$1.62,
2026-01-12T21:47:12.384557+00:00,1768254432.384557,INFO,__main__,21:47:11Z  KXBTC15M-26JAN121700-00  tte=12m48s  spot=$91092.65  strike=$91232.70  fee_mode=taker  fee/c=-  p_up=13.75%  mkt=15.00%  EV_yes=-2.25%  EV_no=-1.75%  decision=-  kelly=-  qty=-,
2026-01-12T21:47:18.251847+00:00,1768254438.251847,INFO,__main__,BALANCE available=$53.22 portfolio_value=$1.56,
2026-01-12T21:47:18.307645+00:00,1768254438.307645,INFO,__main__,21:47:17Z  KXBTC15M-26JAN121700-00  tte=12m42s  spot=$91100.02  strike=$91232.70  fee_mode=taker  fee/c=-  p_up=13.83%  mkt=16.00%  EV_yes=-3.17%  EV_no=-0.83%  decision=-  kelly=-  qty=-,
2026-01-12T21:47:24.335903+00:00,1768254444.335903,INFO,__main__,BALANCE available=$53.22 portfolio_value=$1.62,
2026-01-12T21:47:24.395731+00:00,1768254444.395731,INFO,__main__,21:47:23Z  KXBTC15M-26JAN121700-00  tte=12m36s  spot=$91106.01  strike=$91232.70  fee_mode=taker  fee/c=-  p_up=14.27%  mkt=17.00%  EV_yes=-3.73%  EV_no=-1.27%  decision=-  kelly=-  qty=-,
2026-01-12T21:47:30.211149+00:00,1768254450.211149,INFO,__main__,BALANCE available=$53.22 portfolio_value=$1.66,
2026-01-12T21:47:30.270839+00:00,1768254450.270839,INFO,__main__,21:47:29Z  KXBTC15M-26JAN121700-00  tte=12m30s  spot=$91106.01  strike=$91232.70  fee_mode=taker  fee/c=-  p_up=14.27%  mkt=17.00%  EV_yes=-3.73%  EV_no=-1.27%  decision=-  kelly=-  qty=-,
2026-01-12T21:47:36.189294+00:00,1768254456.189294,INFO,__main__,BALANCE available=$53.22 portfolio_value=$1.66,
2026-01-12T21:47:36.245196+00:00,1768254456.245196,INFO,__main__,21:47:35Z  KXBTC15M-26JAN121700-00  tte=12m24s  spot=$91107.63  strike=$91232.70  fee_mode=taker  fee/c=-  p_up=14.45%  mkt=16.00%  EV_yes=-2.55%  EV_no=-3.45%  decision=-  kelly=-  qty=-,
2026-01-12T21:47:42.049744+00:00,1768254462.049744,INFO,__main__,BALANCE available=$53.22 portfolio_value=$1.68,
2026-01-12T21:47:42.102368+00:00,1768254462.102368,INFO,__main__,21:47:41Z  KXBTC15M-26JAN121700-00  tte=12m18s  spot=$91067.14  strike=$91232.70  fee_mode=taker  fee/c=-  p_up=10.70%  mkt=11.00%  EV_yes=-1.30%  EV_no=-2.70%  decision=-  kelly=-  qty=-,
2026-01-12T21:47:48.014576+00:00,1768254468.014576,INFO,__main__,BALANCE available=$53.22 portfolio_value=$1.66,
2026-01-12T21:47:48.069700+00:00,1768254468.069700,INFO,__main__,21:47:47Z  KXBTC15M-26JAN121700-00  tte=12m12s  spot=$91066.02  strike=$91232.70  fee_mode=taker  fee/c=-  p_up=10.67%  mkt=11.00%  EV_yes=-1.33%  EV_no=-3.67%  decision=-  kelly=-  qty=-,
2026-01-12T21:47:53.974141+00:00,1768254473.974141,INFO,__main__,BALANCE available=$53.22 portfolio_value=$1.68,
2026-01-12T21:47:54.033048+00:00,1768254474.033048,INFO,__main__,21:47:53Z  KXBTC15M-26JAN121700-00  tte=12m06s  spot=$91068.75  strike=$91232.70  fee_mode=taker  fee/c=-  p_up=11.06%  mkt=11.00%  EV_yes=-0.94%  EV_no=-3.06%  decision=-  kelly=-  qty=-,
2026-01-12T21:48:00.025754+00:00,1768254480.025754,INFO,__main__,BALANCE available=$53.22 portfolio_value=$1.82,
2026-01-12T21:48:00.083962+00:00,1768254480.083962,INFO,__main__,21:47:59Z  KXBTC15M-26JAN121700-00  tte=12m00s  spot=$91088.32  strike=$91232.70  fee_mode=taker  fee/c=-  p_up=13.60%  mkt=14.00%  EV_yes=-1.40%  EV_no=-4.60%  decision=-  kelly=-  qty=-,
2026-01-12T21:48:06.226440+00:00,1768254486.226440,INFO,__main__,BALANCE available=$53.22 portfolio_value=$1.82,
2026-01-12T21:48:06.285060+00:00,1768254486.285060,INFO,__main__,21:48:05Z  KXBTC15M-26JAN121700-00  tte=11m54s  spot=$91077.99  strike=$91232.70  fee_mode=taker  fee/c=-  p_up=12.05%  mkt=13.00%  EV_yes=-1.95%  EV_no=-3.05%  decision=-  kelly=-  qty=-,
2026-01-12T21:48:12.184997+00:00,1768254492.184997,INFO,__main__,BALANCE available=$53.22 portfolio_value=$1.82,
2026-01-12T21:48:12.248119+00:00,1768254492.248119,INFO,__main__,21:48:11Z  KXBTC15M-26JAN121700-00  tte=11m48s  spot=$91085.97  strike=$91232.70  fee_mode=taker  fee/c=-  p_up=12.51%  mkt=13.00%  EV_yes=-1.49%  EV_no=-3.51%  decision=-  kelly=-  qty=-,
2026-01-12T21:48:18.450930+00:00,1768254498.450930,INFO,__main__,BALANCE available=$53.22 portfolio_value=$1.82,
2026-01-12T21:48:18.509874+00:00,1768254498.509874,INFO,__main__,21:48:17Z  KXBTC15M-26JAN121700-00  tte=11m42s  spot=$91108.38  strike=$91232.70  fee_mode=taker  fee/c=-  p_up=14.21%  mkt=18.00%  EV_yes=-5.79%  EV_no=-1.21%  decision=-  kelly=-  qty=-,
2026-01-12T21:48:24.374474+00:00,1768254504.374474,INFO,__main__,BALANCE available=$53.22 portfolio_value=$1.64,
2026-01-12T21:48:24.436758+00:00,1768254504.436758,INFO,__main__,21:48:23Z  KXBTC15M-26JAN121700-00  tte=11m36s  spot=$91112.02  strike=$91232.70  fee_mode=taker  fee/c=-  p_up=15.00%  mkt=18.00%  EV_yes=-5.00%  EV_no=-2.00%  decision=-  kelly=-  qty=-,
2026-01-12T21:48:30.338192+00:00,1768254510.338192,INFO,__main__,BALANCE available=$53.22 portfolio_value=$1.64,
2026-01-12T21:48:30.405537+00:00,1768254510.405537,INFO,__main__,21:48:29Z  KXBTC15M-26JAN121700-00  tte=11m30s  spot=$91094.05  strike=$91232.70  fee_mode=taker  fee/c=-  p_up=13.40%  mkt=15.00%  EV_yes=-2.60%  EV_no=-2.40%  decision=-  kelly=-  qty=-,
2026-01-12T21:48:36.605311+00:00,1768254516.605311,INFO,__main__,BALANCE available=$53.22 portfolio_value=$1.70,
2026-01-12T21:48:36.663291+00:00,1768254516.663291,INFO,__main__,21:48:36Z  KXBTC15M-26JAN121700-00  tte=11m23s  spot=$91085.80  strike=$91232.70  fee_mode=taker  fee/c=-  p_up=12.51%  mkt=14.00%  EV_yes=-2.49%  EV_no=-2.51%  decision=-  kelly=-  qty=-,
2026-01-12T21:48:42.588745+00:00,1768254522.588745,INFO,__main__,BALANCE available=$53.22 portfolio_value=$1.64,
2026-01-12T21:48:42.643573+00:00,1768254522.643573,INFO,__main__,21:48:42Z  KXBTC15M-26JAN121700-00  tte=11m17s  spot=$91090.96  strike=$91232.70  fee_mode=taker  fee/c=-  p_up=13.57%  mkt=14.00%  EV_yes=-1.43%  EV_no=-2.57%  decision=-  kelly=-  qty=-,
2026-01-12T21:48:48.485637+00:00,1768254528.485637,INFO,__main__,BALANCE available=$53.22 portfolio_value=$1.66,
2026-01-12T21:48:48.541638+00:00,1768254528.541638,INFO,__main__,21:48:48Z  KXBTC15M-26JAN121700-00  tte=11m11s  spot=$91108.38  strike=$91232.70  fee_mode=taker  fee/c=-  p_up=14.21%  mkt=17.00%  EV_yes=-3.79%  EV_no=-1.21%  decision=-  kelly=-  qty=-,
2026-01-12T21:48:54.595995+00:00,1768254534.595995,INFO,__main__,BALANCE available=$53.22 portfolio_value=$1.70,
2026-01-12T21:48:54.658013+00:00,1768254534.658013,INFO,__main__,21:48:54Z  KXBTC15M-26JAN121700-00  tte=11m05s  spot=$91108.38  strike=$91232.70  fee_mode=taker  fee/c=$0.0100  p_up=25.08%  mkt=17.00%  EV_yes=7.08%  EV_no=-12.08%  decision=YES  kelly=0.97%  qty=2,
2026-01-12T21:48:54.658334+00:00,1768254534.658334,INFO,tradebot.tools.order_execution,FLIP_BLOCK KXBTC15M-26JAN121700-00 held=NO want=YES p_held=0.749 >= 0.400 (0.5-exit_delta),
2026-01-12T21:49:00.536312+00:00,1768254540.536312,INFO,__main__,BALANCE available=$53.22 portfolio_value=$1.66,
2026-01-12T21:49:00.597593+00:00,1768254540.597593,INFO,__main__,21:49:00Z  KXBTC15M-26JAN121700-00  tte=10m59s  spot=$91114.01  strike=$91232.70  fee_mode=taker  fee/c=$0.0100  p_up=23.92%  mkt=17.00%  EV_yes=5.92%  EV_no=-9.92%  decision=YES  kelly=0.83%  qty=2,
2026-01-12T21:49:00.597838+00:00,1768254540.597838,INFO,tradebot.tools.order_execution,FLIP_BLOCK KXBTC15M-26JAN121700-00 held=NO want=YES p_held=0.761 >= 0.400 (0.5-exit_delta),
2026-01-12T21:49:06.594978+00:00,1768254546.594978,INFO,__main__,BALANCE available=$53.22 portfolio_value=$1.66,
2026-01-12T21:49:06.649232+00:00,1768254546.649232,INFO,__main__,21:49:06Z  KXBTC15M-26JAN121700-00  tte=10m53s  spot=$91119.93  strike=$91232.70  fee_mode=taker  fee/c=$0.0200  p_up=23.07%  mkt=21.00%  EV_yes=0.07%  EV_no=-7.07%  decision=YES  kelly=0.26%  qty=0,
2026-01-12T21:49:12.544716+00:00,1768254552.544716,INFO,__main__,BALANCE available=$53.22 portfolio_value=$1.66,
2026-01-12T21:49:12.599269+00:00,1768254552.599269,INFO,__main__,21:49:12Z  KXBTC15M-26JAN121700-00  tte=10m47s  spot=$91112.28  strike=$91232.70  fee_mode=taker  fee/c=$0.0200  p_up=23.92%  mkt=19.00%  EV_yes=2.92%  EV_no=-9.92%  decision=YES  kelly=0.61%  qty=1,
2026-01-12T21:49:12.599540+00:00,1768254552.599540,INFO,tradebot.tools.order_execution,FLIP_BLOCK KXBTC15M-26JAN121700-00 held=NO want=YES p_held=0.761 >= 0.400 (0.5-exit_delta),
2026-01-12T21:49:18.640020+00:00,1768254558.640020,INFO,__main__,BALANCE available=$53.22 portfolio_value=$1.66,
2026-01-12T21:49:18.698032+00:00,1768254558.698032,INFO,__main__,21:49:18Z  KXBTC15M-26JAN121700-00  tte=10m41s  spot=$91112.27  strike=$91232.70  fee_mode=taker  fee/c=$0.0100  p_up=23.92%  mkt=17.00%  EV_yes=5.92%  EV_no=-9.92%  decision=YES  kelly=0.83%  qty=2,
2026-01-12T21:49:18.698298+00:00,1768254558.698298,INFO,tradebot.tools.order_execution,FLIP_BLOCK KXBTC15M-26JAN121700-00 held=NO want=YES p_held=0.761 >= 0.400 (0.5-exit_delta),
2026-01-12T21:49:24.656794+00:00,1768254564.656794,INFO,__main__,BALANCE available=$53.22 portfolio_value=$1.72,
2026-01-12T21:49:24.714900+00:00,1768254564.714900,INFO,__main__,21:49:24Z  KXBTC15M-26JAN121700-00  tte=10m35s  spot=$91108.38  strike=$91232.70  fee_mode=taker  fee/c=$0.0100  p_up=22.78%  mkt=17.00%  EV_yes=4.78%  EV_no=-9.78%  decision=YES  kelly=0.70%  qty=2,
2026-01-12T21:49:24.715128+00:00,1768254564.715128,INFO,tradebot.tools.order_execution,FLIP_BLOCK KXBTC15M-26JAN121700-00 held=NO want=YES p_held=0.772 >= 0.400 (0.5-exit_delta),
2026-01-12T21:49:30.644343+00:00,1768254570.644343,INFO,__main__,BALANCE available=$53.22 portfolio_value=$1.64,
2026-01-12T21:49:30.698692+00:00,1768254570.698692,INFO,__main__,21:49:30Z  KXBTC15M-26JAN121700-00  tte=10m29s  spot=$91112.27  strike=$91232.70  fee_mode=taker  fee/c=$0.0100  p_up=23.92%  mkt=17.00%  EV_yes=5.92%  EV_no=-9.92%  decision=YES  kelly=0.83%  qty=2,
2026-01-12T21:49:30.698958+00:00,1768254570.698958,INFO,tradebot.tools.order_execution,FLIP_BLOCK KXBTC15M-26JAN121700-00 held=NO want=YES p_held=0.761 >= 0.400 (0.5-exit_delta),
2026-01-12T21:49:36.670361+00:00,1768254576.670361,INFO,__main__,BALANCE available=$53.22 portfolio_value=$1.70,
2026-01-12T21:49:36.723032+00:00,1768254576.723032,INFO,__main__,21:49:36Z  KXBTC15M-26JAN121700-00  tte=10m23s  spot=$91112.26  strike=$91232.70  fee_mode=taker  fee/c=$0.0100  p_up=23.92%  mkt=17.00%  EV_yes=5.92%  EV_no=-10.92%  decision=YES  kelly=0.83%  qty=2,
2026-01-12T21:49:36.723263+00:00,1768254576.723263,INFO,tradebot.tools.order_execution,FLIP_BLOCK KXBTC15M-26JAN121700-00 held=NO want=YES p_held=0.761 >= 0.400 (0.5-exit_delta),
2026-01-12T21:49:42.689241+00:00,1768254582.689241,INFO,__main__,BALANCE available=$53.22 portfolio_value=$1.70,
2026-01-12T21:49:42.746030+00:00,1768254582.746030,INFO,__main__,21:49:42Z  KXBTC15M-26JAN121700-00  tte=10m17s  spot=$91112.26  strike=$91232.70  fee_mode=taker  fee/c=$0.0100  p_up=23.92%  mkt=17.00%  EV_yes=5.92%  EV_no=-10.92%  decision=YES  kelly=0.83%  qty=2,
2026-01-12T21:49:42.746257+00:00,1768254582.746257,INFO,tradebot.tools.order_execution,FLIP_BLOCK KXBTC15M-26JAN121700-00 held=NO want=YES p_held=0.761 >= 0.400 (0.5-exit_delta),
2026-01-12T21:49:48.612894+00:00,1768254588.612894,INFO,__main__,BALANCE available=$53.22 portfolio_value=$1.70,
2026-01-12T21:49:48.669103+00:00,1768254588.669103,INFO,__main__,21:49:48Z  KXBTC15M-26JAN121700-00  tte=10m11s  spot=$91109.36  strike=$91232.70  fee_mode=taker  fee/c=$0.0100  p_up=23.89%  mkt=16.00%  EV_yes=6.89%  EV_no=-10.89%  decision=YES  kelly=0.94%  qty=2,
2026-01-12T21:49:48.669342+00:00,1768254588.669342,INFO,tradebot.tools.order_execution,FLIP_BLOCK KXBTC15M-26JAN121700-00 held=NO want=YES p_held=0.761 >= 0.400 (0.5-exit_delta),
2026-01-12T21:49:54.719078+00:00,1768254594.719078,INFO,__main__,BALANCE available=$53.22 portfolio_value=$1.72,
2026-01-12T21:49:54.778017+00:00,1768254594.778017,INFO,__main__,21:49:54Z  KXBTC15M-26JAN121700-00  tte=10m05s  spot=$91106.51  strike=$91232.70  fee_mode=taker  fee/c=$0.0100  p_up=21.75%  mkt=16.00%  EV_yes=4.75%  EV_no=-8.75%  decision=YES  kelly=0.68%  qty=2,
2026-01-12T21:49:54.778259+00:00,1768254594.778259,INFO,tradebot.tools.order_execution,FLIP_BLOCK KXBTC15M-26JAN121700-00 held=NO want=YES p_held=0.783 >= 0.400 (0.5-exit_delta),
2026-01-12T21:50:00.692775+00:00,1768254600.692775,INFO,__main__,BALANCE available=$53.22 portfolio_value=$1.84,
2026-01-12T21:50:00.747486+00:00,1768254600.747486,INFO,__main__,21:50:00Z  KXBTC15M-26JAN121700-00  tte=9m59s  spot=$91086.48  strike=$91232.70  fee_mode=taker  fee/c=$0.0100  p_up=16.68%  mkt=11.00%  EV_yes=4.68%  EV_no=-10.68%  decision=YES  kelly=0.64%  qty=2,
2026-01-12T21:50:00.747782+00:00,1768254600.747782,INFO,tradebot.tools.order_execution,FLIP_BLOCK KXBTC15M-26JAN121700-00 held=NO want=YES p_held=0.833 >= 0.400 (0.5-exit_delta),
2026-01-12T21:50:07.026154+00:00,1768254607.026154,INFO,__main__,BALANCE available=$53.22 portfolio_value=$1.84,
2026-01-12T21:50:07.087203+00:00,1768254607.087203,INFO,__main__,21:50:06Z  KXBTC15M-26JAN121700-00  tte=9m53s  spot=$91094.01  strike=$91232.70  fee_mode=taker  fee/c=$0.0100  p_up=17.09%  mkt=12.00%  EV_yes=4.09%  EV_no=-8.09%  decision=YES  kelly=0.58%  qty=2,
2026-01-12T21:50:07.087438+00:00,1768254607.087438,INFO,tradebot.tools.order_execution,FLIP_BLOCK KXBTC15M-26JAN121700-00 held=NO want=YES p_held=0.829 >= 0.400 (0.5-exit_delta),
2026-01-12T21:50:13.029922+00:00,1768254613.029922,INFO,__main__,BALANCE available=$53.22 portfolio_value=$1.68,
2026-01-12T21:50:13.089391+00:00,1768254613.089391,INFO,__main__,21:50:12Z  KXBTC15M-26JAN121700-00  tte=9m47s  spot=$91094.02  strike=$91232.70  fee_mode=taker  fee/c=$0.0100  p_up=17.09%  mkt=12.00%  EV_yes=4.09%  EV_no=-8.09%  decision=YES  kelly=0.58%  qty=2,
2026-01-12T21:50:13.089637+00:00,1768254613.089637,INFO,tradebot.tools.order_execution,FLIP_BLOCK KXBTC15M-26JAN121700-00 held=NO want=YES p_held=0.829 >= 0.400 (0.5-exit_delta),
2026-01-12T21:50:19.076627+00:00,1768254619.076627,INFO,__main__,BALANCE available=$53.22 portfolio_value=$1.84,
2026-01-12T21:50:19.130718+00:00,1768254619.130718,INFO,__main__,21:50:18Z  KXBTC15M-26JAN121700-00  tte=9m41s  spot=$91096.65  strike=$91232.70  fee_mode=taker  fee/c=$0.0100  p_up=17.24%  mkt=12.00%  EV_yes=4.24%  EV_no=-11.24%  decision=YES  kelly=0.60%  qty=2,
2026-01-12T21:50:19.131033+00:00,1768254619.131033,INFO,tradebot.tools.order_execution,FLIP_BLOCK KXBTC15M-26JAN121700-00 held=NO want=YES p_held=0.828 >= 0.400 (0.5-exit_delta),
2026-01-12T21:50:25.180123+00:00,1768254625.180123,INFO,__main__,BALANCE available=$53.22 portfolio_value=$1.80,
2026-01-12T21:50:25.237957+00:00,1768254625.237957,INFO,__main__,21:50:24Z  KXBTC15M-26JAN121700-00  tte=9m35s  spot=$91072.03  strike=$91232.70  fee_mode=taker  fee/c=$0.0100  p_up=13.66%  mkt=9.00%  EV_yes=3.66%  EV_no=-6.66%  decision=YES  kelly=0.51%  qty=2,
2026-01-12T21:50:25.238251+00:00,1768254625.238251,INFO,tradebot.tools.order_execution,FLIP_BLOCK KXBTC15M-26JAN121700-00 held=NO want=YES p_held=0.863 >= 0.400 (0.5-exit_delta),
2026-01-12T21:50:31.060624+00:00,1768254631.060624,INFO,__main__,BALANCE available=$53.22 portfolio_value=$1.80,
2026-01-12T21:50:31.120685+00:00,1768254631.120685,INFO,__main__,21:50:30Z  KXBTC15M-26JAN121700-00  tte=9m29s  spot=$91072.02  strike=$91232.70  fee_mode=taker  fee/c=$0.0100  p_up=13.66%  mkt=9.00%  EV_yes=3.66%  EV_no=-6.66%  decision=YES  kelly=0.51%  qty=2,
2026-01-12T21:50:31.120933+00:00,1768254631.120933,INFO,tradebot.tools.order_execution,FLIP_BLOCK KXBTC15M-26JAN121700-00 held=NO want=YES p_held=0.863 >= 0.400 (0.5-exit_delta),
2026-01-12T21:50:37.320195+00:00,1768254637.320195,INFO,__main__,BALANCE available=$53.22 portfolio_value=$1.80,
2026-01-12T21:50:37.377027+00:00,1768254637.377027,INFO,__main__,21:50:36Z  KXBTC15M-26JAN121700-00  tte=9m23s  spot=$91066.03  strike=$91232.70  fee_mode=taker  fee/c=$0.0100  p_up=13.26%  mkt=9.00%  EV_yes=3.26%  EV_no=-6.26%  decision=YES  kelly=0.47%  qty=2,
2026-01-12T21:50:37.377284+00:00,1768254637.377284,INFO,tradebot.tools.order_execution,FLIP_BLOCK KXBTC15M-26JAN121700-00 held=NO want=YES p_held=0.867 >= 0.400 (0.5-exit_delta),
2026-01-12T21:50:43.332990+00:00,1768254643.332990,INFO,__main__,BALANCE available=$53.22 portfolio_value=$1.80,
2026-01-12T21:50:43.386238+00:00,1768254643.386238,INFO,__main__,21:50:42Z  KXBTC15M-26JAN121700-00  tte=9m17s  spot=$91066.03  strike=$91232.70  fee_mode=taker  fee/c=$0.0100  p_up=13.26%  mkt=9.00%  EV_yes=3.26%  EV_no=-6.26%  decision=YES  kelly=0.47%  qty=2,
2026-01-12T21:50:43.386541+00:00,1768254643.386541,INFO,tradebot.tools.order_execution,FLIP_BLOCK KXBTC15M-26JAN121700-00 held=NO want=YES p_held=0.867 >= 0.400 (0.5-exit_delta),
2026-01-12T21:50:49.573993+00:00,1768254649.573993,INFO,__main__,BALANCE available=$53.22 portfolio_value=$1.80,
2026-01-12T21:50:49.626533+00:00,1768254649.626533,INFO,__main__,21:50:49Z  KXBTC15M-26JAN121700-00  tte=9m10s  spot=$91042.69  strike=$91232.70  fee_mode=taker  fee/c=$0.0100  p_up=12.00%  mkt=7.00%  EV_yes=4.00%  EV_no=-9.00%  decision=YES  kelly=0.54%  qty=3,
2026-01-12T21:50:49.626810+00:00,1768254649.626810,INFO,tradebot.tools.order_execution,FLIP_BLOCK KXBTC15M-26JAN121700-00 held=NO want=YES p_held=0.880 >= 0.400 (0.5-exit_delta),
2026-01-12T21:50:55.709307+00:00,1768254655.709307,INFO,__main__,BALANCE available=$53.22 portfolio_value=$1.80,
2026-01-12T21:50:55.768124+00:00,1768254655.768124,INFO,__main__,21:50:55Z  KXBTC15M-26JAN121700-00  tte=9m04s  spot=$91013.41  strike=$91232.70  fee_mode=taker  fee/c=$0.0100  p_up=9.80%  mkt=6.00%  EV_yes=2.80%  EV_no=-7.80%  decision=YES  kelly=0.40%  qty=3,
2026-01-12T21:50:55.768348+00:00,1768254655.768348,INFO,tradebot.tools.order_execution,FLIP_BLOCK KXBTC15M-26JAN121700-00 held=NO want=YES p_held=0.902 >= 0.400 (0.5-exit_delta),
2026-01-12T21:51:01.818610+00:00,1768254661.818610,INFO,__main__,BALANCE available=$53.22 portfolio_value=$1.88,
2026-01-12T21:51:01.879168+00:00,1768254661.879168,INFO,__main__,21:51:01Z  KXBTC15M-26JAN121700-00  tte=8m58s  spot=$90970.00  strike=$91232.70  fee_mode=taker  fee/c=-  p_up=4.52%  mkt=5.00%  EV_yes=-1.48%  EV_no=-2.52%  decision=-  kelly=-  qty=-,
2026-01-12T21:51:08.005280+00:00,1768254668.005280,INFO,__main__,BALANCE available=$53.22 portfolio_value=$1.88,
2026-01-12T21:51:08.059989+00:00,1768254668.059989,INFO,__main__,21:51:07Z  KXBTC15M-26JAN121700-00  tte=8m52s  spot=$90963.47  strike=$91232.70  fee_mode=taker  fee/c=-  p_up=4.52%  mkt=4.00%  EV_yes=-0.48%  EV_no=-2.52%  decision=-  kelly=-  qty=-,
2026-01-12T21:51:14.043161+00:00,1768254674.043161,INFO,__main__,BALANCE available=$53.22 portfolio_value=$1.88,
2026-01-12T21:51:14.106013+00:00,1768254674.106013,INFO,__main__,21:51:13Z  KXBTC15M-26JAN121700-00  tte=8m46s  spot=$90972.04  strike=$91232.70  fee_mode=taker  fee/c=-  p_up=4.52%  mkt=4.00%  EV_yes=-0.48%  EV_no=-2.52%  decision=-  kelly=-  qty=-,
2026-01-12T21:51:20.068888+00:00,1768254680.068888,INFO,__main__,BALANCE available=$53.22 portfolio_value=$1.88,
2026-01-12T21:51:20.135046+00:00,1768254680.135046,INFO,__main__,21:51:19Z  KXBTC15M-26JAN121700-00  tte=8m40s  spot=$90985.74  strike=$91232.70  fee_mode=taker  fee/c=$0.0100  p_up=6.13%  mkt=4.00%  EV_yes=1.13%  EV_no=-4.13%  decision=YES  kelly=0.22%  qty=2,
2026-01-12T21:51:20.135275+00:00,1768254680.135275,INFO,tradebot.tools.order_execution,FLIP_BLOCK KXBTC15M-26JAN121700-00 held=NO want=YES p_held=0.939 >= 0.400 (0.5-exit_delta),
2026-01-12T21:51:26.004981+00:00,1768254686.004981,INFO,__main__,BALANCE available=$53.22 portfolio_value=$1.88,
2026-01-12T21:51:26.065769+00:00,1768254686.065769,INFO,__main__,21:51:25Z  KXBTC15M-26JAN121700-00  tte=8m34s  spot=$90972.61  strike=$91232.70  fee_mode=taker  fee/c=-  p_up=4.52%  mkt=4.00%  EV_yes=-0.48%  EV_no=-2.52%  decision=-  kelly=-  qty=-,
2026-01-12T21:51:44.244073+00:00,1768254704.244073,WARNING,__main__,BALANCE error=RetryError[<Future at 0x2bbee4d3d50 state=finished raised HTTPStatusError>],
2026-01-12T21:51:44.305113+00:00,1768254704.305113,INFO,__main__,21:51:31Z  KXBTC15M-26JAN121700-00  tte=8m28s  spot=$90990.00  strike=$91232.70  fee_mode=taker  fee/c=$0.0100  p_up=6.20%  mkt=4.00%  EV_yes=1.20%  EV_no=-4.20%  decision=YES  kelly=0.23%  qty=-,
2026-01-12T21:51:50.304931+00:00,1768254710.304931,INFO,__main__,BALANCE available=$53.22 portfolio_value=$1.94,
2026-01-12T21:51:50.356022+00:00,1768254710.356022,INFO,__main__,21:51:49Z  KXBTC15M-26JAN121700-00  tte=8m10s  spot=$90988.72  strike=$91232.70  fee_mode=taker  fee/c=$0.0100  p_up=6.20%  mkt=4.00%  EV_yes=1.20%  EV_no=-4.20%  decision=YES  kelly=0.23%  qty=2,
2026-01-12T21:51:50.356262+00:00,1768254710.356262,INFO,tradebot.tools.order_execution,FLIP_BLOCK KXBTC15M-26JAN121700-00 held=NO want=YES p_held=0.938 >= 0.400 (0.5-exit_delta),
2026-01-12T21:51:56.416185+00:00,1768254716.416185,INFO,__main__,BALANCE available=$53.22 portfolio_value=$1.94,
2026-01-12T21:51:56.479279+00:00,1768254716.479279,INFO,__main__,21:51:55Z  KXBTC15M-26JAN121700-00  tte=8m04s  spot=$90988.71  strike=$91232.70  fee_mode=taker  fee/c=$0.0100  p_up=6.20%  mkt=4.00%  EV_yes=1.20%  EV_no=-4.20%  decision=YES  kelly=0.23%  qty=2,
2026-01-12T21:51:56.479532+00:00,1768254716.479532,INFO,tradebot.tools.order_execution,FLIP_BLOCK KXBTC15M-26JAN121700-00 held=NO want=YES p_held=0.938 >= 0.400 (0.5-exit_delta),
2026-01-12T21:52:02.432442+00:00,1768254722.432442,INFO,__main__,BALANCE available=$53.22 portfolio_value=$1.94,
2026-01-12T21:52:02.495232+00:00,1768254722.495232,INFO,__main__,21:52:01Z  KXBTC15M-26JAN121700-00  tte=7m58s  spot=$90996.27  strike=$91232.70  fee_mode=taker  fee/c=$0.0100  p_up=5.31%  mkt=4.00%  EV_yes=0.31%  EV_no=-3.31%  decision=YES  kelly=0.14%  qty=1,
2026-01-12T21:52:02.495503+00:00,1768254722.495503,INFO,tradebot.tools.order_execution,FLIP_BLOCK KXBTC15M-26JAN121700-00 held=NO want=YES p_held=0.947 >= 0.400 (0.5-exit_delta),
2026-01-12T21:52:08.437078+00:00,1768254728.437078,INFO,__main__,BALANCE available=$53.22 portfolio_value=$1.94,
2026-01-12T21:52:08.489121+00:00,1768254728.489121,INFO,__main__,21:52:08Z  KXBTC15M-26JAN121700-00  tte=7m51s  spot=$90974.60  strike=$91232.70  fee_mode=taker  fee/c=-  p_up=4.08%  mkt=4.00%  EV_yes=-0.92%  EV_no=-2.08%  decision=-  kelly=-  qty=-,
2026-01-12T21:52:14.491127+00:00,1768254734.491127,INFO,__main__,BALANCE available=$53.22 portfolio_value=$1.94,
2026-01-12T21:52:14.548289+00:00,1768254734.548289,INFO,__main__,21:52:14Z  KXBTC15M-26JAN121700-00  tte=7m45s  spot=$90990.00  strike=$91232.70  fee_mode=taker  fee/c=$0.0100  p_up=5.36%  mkt=4.00%  EV_yes=0.36%  EV_no=-3.36%  decision=YES  kelly=0.14%  qty=1,
2026-01-12T21:52:14.548534+00:00,1768254734.548534,INFO,tradebot.tools.order_execution,FLIP_BLOCK KXBTC15M-26JAN121700-00 held=NO want=YES p_held=0.946 >= 0.400 (0.5-exit_delta),
2026-01-12T21:52:20.566521+00:00,1768254740.566521,INFO,__main__,BALANCE available=$53.22 portfolio_value=$1.92,
2026-01-12T21:52:20.619687+00:00,1768254740.619687,INFO,__main__,21:52:20Z  KXBTC15M-26JAN121700-00  tte=7m39s  spot=$90988.00  strike=$91232.70  fee_mode=taker  fee/c=$0.0100  p_up=5.30%  mkt=4.00%  EV_yes=0.30%  EV_no=-3.30%  decision=YES  kelly=0.14%  qty=1,
2026-01-12T21:52:20.619928+00:00,1768254740.619928,INFO,tradebot.tools.order_execution,FLIP_BLOCK KXBTC15M-26JAN121700-00 held=NO want=YES p_held=0.947 >= 0.400 (0.5-exit_delta),
2026-01-12T21:52:26.546686+00:00,1768254746.546686,INFO,__main__,BALANCE available=$53.22 portfolio_value=$1.92,
2026-01-12T21:52:26.604988+00:00,1768254746.604988,INFO,__main__,21:52:26Z  KXBTC15M-26JAN121700-00  tte=7m33s  spot=$90985.43  strike=$91232.70  fee_mode=taker  fee/c=$0.0100  p_up=5.30%  mkt=4.00%  EV_yes=0.30%  EV_no=-3.30%  decision=YES  kelly=0.14%  qty=1,
2026-01-12T21:52:26.605236+00:00,1768254746.605236,INFO,tradebot.tools.order_execution,FLIP_BLOCK KXBTC15M-26JAN121700-00 held=NO want=YES p_held=0.947 >= 0.400 (0.5-exit_delta),
2026-01-12T21:52:32.627339+00:00,1768254752.627339,INFO,__main__,BALANCE available=$53.22 portfolio_value=$1.94,
2026-01-12T21:52:32.708703+00:00,1768254752.708703,INFO,__main__,21:52:32Z  KXBTC15M-26JAN121700-00  tte=7m27s  spot=$90985.41  strike=$91232.70  fee_mode=taker  fee/c=$0.0100  p_up=5.30%  mkt=4.00%  EV_yes=0.30%  EV_no=-3.30%  decision=YES  kelly=0.14%  qty=1,
2026-01-12T21:52:32.709129+00:00,1768254752.709129,INFO,tradebot.tools.order_execution,FLIP_BLOCK KXBTC15M-26JAN121700-00 held=NO want=YES p_held=0.947 >= 0.400 (0.5-exit_delta),
2026-01-12T21:52:38.606014+00:00,1768254758.606014,INFO,__main__,BALANCE available=$53.22 portfolio_value=$1.92,
2026-01-12T21:52:38.672302+00:00,1768254758.672302,INFO,__main__,21:52:38Z  KXBTC15M-26JAN121700-00  tte=7m21s  spot=$90985.42  strike=$91232.70  fee_mode=taker  fee/c=$0.0100  p_up=5.30%  mkt=4.00%  EV_yes=0.30%  EV_no=-3.30%  decision=YES  kelly=0.14%  qty=1,
2026-01-12T21:52:38.672676+00:00,1768254758.672676,INFO,tradebot.tools.order_execution,FLIP_BLOCK KXBTC15M-26JAN121700-00 held=NO want=YES p_held=0.947 >= 0.400 (0.5-exit_delta),
2026-01-12T21:52:44.608973+00:00,1768254764.608973,INFO,__main__,BALANCE available=$53.22 portfolio_value=$1.92,
2026-01-12T21:52:44.675098+00:00,1768254764.675098,INFO,__main__,21:52:44Z  KXBTC15M-26JAN121700-00  tte=7m15s  spot=$90957.32  strike=$91232.70  fee_mode=taker  fee/c=-  p_up=3.89%  mkt=4.00%  EV_yes=-1.11%  EV_no=-1.89%  decision=-  kelly=-  qty=-,
2026-01-12T21:52:50.713260+00:00,1768254770.713260,INFO,__main__,BALANCE available=$53.22 portfolio_value=$1.92,
2026-01-12T21:52:50.765373+00:00,1768254770.765373,INFO,__main__,21:52:50Z  KXBTC15M-26JAN121700-00  tte=7m09s  spot=$90953.49  strike=$91232.70  fee_mode=taker  fee/c=-  p_up=3.89%  mkt=3.00%  EV_yes=-0.11%  EV_no=-2.89%  decision=-  kelly=-  qty=-,
2026-01-12T21:52:56.706292+00:00,1768254776.706292,INFO,__main__,BALANCE available=$53.22 portfolio_value=$1.92,
2026-01-12T21:52:56.767109+00:00,1768254776.767109,INFO,__main__,21:52:56Z  KXBTC15M-26JAN121700-00  tte=7m03s  spot=$90953.49  strike=$91232.70  fee_mode=taker  fee/c=-  p_up=3.89%  mkt=3.00%  EV_yes=-0.11%  EV_no=-0.89%  decision=-  kelly=-  qty=-,
2026-01-12T21:53:02.697598+00:00,1768254782.697598,INFO,__main__,BALANCE available=$53.22 portfolio_value=$1.92,
2026-01-12T21:53:02.755155+00:00,1768254782.755155,INFO,__main__,21:53:02Z  KXBTC15M-26JAN121700-00  tte=6m57s  spot=$90953.49  strike=$91232.70  fee_mode=taker  fee/c=-  p_up=2.67%  mkt=3.00%  EV_yes=-1.33%  EV_no=0.33%  decision=NO  kelly=1.10%  qty=0,
2026-01-12T21:53:08.632617+00:00,1768254788.632617,INFO,__main__,BALANCE available=$53.22 portfolio_value=$1.98,
2026-01-12T21:53:08.688904+00:00,1768254788.688904,INFO,__main__,21:53:08Z  KXBTC15M-26JAN121700-00  tte=6m51s  spot=$90953.49  strike=$91232.70  fee_mode=taker  fee/c=-  p_up=2.67%  mkt=2.00%  EV_yes=-0.33%  EV_no=-0.67%  decision=-  kelly=-  qty=-,
2026-01-12T21:53:14.640034+00:00,1768254794.640034,INFO,__main__,BALANCE available=$53.22 portfolio_value=$1.98,
2026-01-12T21:53:14.690867+00:00,1768254794.690867,INFO,__main__,21:53:14Z  KXBTC15M-26JAN121700-00  tte=6m45s  spot=$90960.00  strike=$91232.70  fee_mode=taker  fee/c=-  p_up=2.67%  mkt=3.00%  EV_yes=-1.33%  EV_no=0.33%  decision=NO  kelly=1.10%  qty=0,
2026-01-12T21:53:20.909856+00:00,1768254800.909856,INFO,__main__,BALANCE available=$53.22 portfolio_value=$1.94,
2026-01-12T21:53:20.965687+00:00,1768254800.965687,INFO,__main__,21:53:20Z  KXBTC15M-26JAN121700-00  tte=6m39s  spot=$90962.00  strike=$91232.70  fee_mode=taker  fee/c=-  p_up=2.70%  mkt=3.00%  EV_yes=-1.30%  EV_no=0.30%  decision=NO  kelly=0.98%  qty=0,
2026-01-12T21:53:26.973595+00:00,1768254806.973595,INFO,__main__,BALANCE available=$53.22 portfolio_value=$1.94,
2026-01-12T21:53:27.035951+00:00,1768254807.035951,INFO,__main__,21:53:26Z  KXBTC15M-26JAN121700-00  tte=6m33s  spot=$90961.99  strike=$91232.70  fee_mode=taker  fee/c=-  p_up=2.70%  mkt=3.00%  EV_yes=-1.30%  EV_no=0.30%  decision=NO  kelly=0.98%  qty=0,
2026-01-12T21:53:32.971834+00:00,1768254812.971834,INFO,__main__,BALANCE available=$53.22 portfolio_value=$1.94,
2026-01-12T21:53:33.032447+00:00,1768254813.032447,INFO,__main__,21:53:32Z  KXBTC15M-26JAN121700-00  tte=6m27s  spot=$90964.65  strike=$91232.70  fee_mode=taker  fee/c=-  p_up=2.70%  mkt=3.00%  EV_yes=-1.30%  EV_no=0.30%  decision=NO  kelly=0.98%  qty=0,
2026-01-12T21:53:39.053467+00:00,1768254819.053467,INFO,__main__,BALANCE available=$53.22 portfolio_value=$1.94,
2026-01-12T21:53:39.105896+00:00,1768254819.105896,INFO,__main__,21:53:38Z  KXBTC15M-26JAN121700-00  tte=6m21s  spot=$90965.97  strike=$91232.70  fee_mode=taker  fee/c=-  p_up=2.70%  mkt=3.00%  EV_yes=-1.30%  EV_no=0.30%  decision=NO  kelly=0.98%  qty=0,
2026-01-12T21:53:45.039844+00:00,1768254825.039844,INFO,__main__,BALANCE available=$53.22 portfolio_value=$1.94,
2026-01-12T21:53:45.095088+00:00,1768254825.095088,INFO,__main__,21:53:44Z  KXBTC15M-26JAN121700-00  tte=6m15s  spot=$90967.98  strike=$91232.70  fee_mode=taker  fee/c=-  p_up=2.70%  mkt=4.00%  EV_yes=-2.30%  EV_no=-2.70%  decision=-  kelly=-  qty=-,
2026-01-12T21:53:51.035031+00:00,1768254831.035031,INFO,__main__,BALANCE available=$53.22 portfolio_value=$1.94,
2026-01-12T21:53:51.086563+00:00,1768254831.086563,INFO,__main__,21:53:50Z  KXBTC15M-26JAN121700-00  tte=6m09s  spot=$90964.17  strike=$91232.70  fee_mode=taker  fee/c=-  p_up=2.70%  mkt=4.00%  EV_yes=-2.30%  EV_no=-2.70%  decision=-  kelly=-  qty=-,
2026-01-12T21:53:57.113016+00:00,1768254837.113016,INFO,__main__,BALANCE available=$53.22 portfolio_value=$1.94,
2026-01-12T21:53:57.169990+00:00,1768254837.169990,INFO,__main__,21:53:56Z  KXBTC15M-26JAN121700-00  tte=6m03s  spot=$90972.59  strike=$91232.70  fee_mode=taker  fee/c=-  p_up=3.58%  mkt=4.00%  EV_yes=-1.42%  EV_no=-3.58%  decision=-  kelly=-  qty=-,
2026-01-12T21:54:03.077024+00:00,1768254843.077024,INFO,__main__,BALANCE available=$53.22 portfolio_value=$1.94,
2026-01-12T21:54:03.131551+00:00,1768254843.131551,INFO,__main__,21:54:02Z  KXBTC15M-26JAN121700-00  tte=5m57s  spot=$90963.84  strike=$91232.70  fee_mode=taker  fee/c=-  p_up=2.92%  mkt=5.00%  EV_yes=-3.08%  EV_no=-2.92%  decision=-  kelly=-  qty=-,
2026-01-12T21:54:09.084566+00:00,1768254849.084566,INFO,__main__,BALANCE available=$53.22 portfolio_value=$1.94,
2026-01-12T21:54:09.143008+00:00,1768254849.143008,INFO,__main__,21:54:08Z  KXBTC15M-26JAN121700-00  tte=5m51s  spot=$90962.63  strike=$91232.70  fee_mode=taker  fee/c=-  p_up=2.92%  mkt=4.00%  EV_yes=-2.08%  EV_no=1.08%  decision=NO  kelly=2.70%  qty=1,
2026-01-12T21:54:09.143252+00:00,1768254849.143252,INFO,tradebot.tools.order_execution,ENTRY_BLOCK KXBTC15M-26JAN121700-00 side=NO ev_after_fees=0.0108 <= min_entry_edge=0.0250,
2026-01-12T21:54:15.046026+00:00,1768254855.046026,INFO,__main__,BALANCE available=$53.22 portfolio_value=$1.94,
2026-01-12T21:54:15.098675+00:00,1768254855.098675,INFO,__main__,21:54:14Z  KXBTC15M-26JAN121700-00  tte=5m45s  spot=$90955.52  strike=$91232.70  fee_mode=taker  fee/c=-  p_up=2.88%  mkt=4.00%  EV_yes=-2.12%  EV_no=1.12%  decision=NO  kelly=2.79%  qty=1,
2026-01-12T21:54:15.098912+00:00,1768254855.098912,INFO,tradebot.tools.order_execution,ENTRY_BLOCK KXBTC15M-26JAN121700-00 side=NO ev_after_fees=0.0112 <= min_entry_edge=0.0250,
2026-01-12T21:54:21.063814+00:00,1768254861.063814,INFO,__main__,BALANCE available=$53.22 portfolio_value=$1.94,
2026-01-12T21:54:21.116961+00:00,1768254861.116961,INFO,__main__,21:54:20Z  KXBTC15M-26JAN121700-00  tte=5m39s  spot=$90910.07  strike=$91232.70  fee_mode=taker  fee/c=-  p_up=1.67%  mkt=5.00%  EV_yes=-4.33%  EV_no=3.33%  decision=NO  kelly=6.66%  qty=3,
2026-01-12T21:54:21.117301+00:00,1768254861.117301,WARNING,tradebot.tools.order_execution,ORDER_BLOCK KXBTC15M-26JAN121700-00 side=NO reason=missing_best_ask best_yes_ask=5 best_no_ask=None best_yes_bid=None best_no_bid=95,
2026-01-12T21:54:26.970740+00:00,1768254866.970740,INFO,__main__,BALANCE available=$53.22 portfolio_value=$1.94,
2026-01-12T21:54:27.035402+00:00,1768254867.035402,INFO,__main__,21:54:26Z  KXBTC15M-26JAN121700-00  tte=5m33s  spot=$90909.63  strike=$91232.70  fee_mode=taker  fee/c=-  p_up=1.67%  mkt=4.00%  EV_yes=-3.33%  EV_no=2.33%  decision=NO  kelly=5.83%  qty=3,
2026-01-12T21:54:27.035718+00:00,1768254867.035718,INFO,tradebot.tools.order_execution,ENTRY_BLOCK KXBTC15M-26JAN121700-00 side=NO ev_after_fees=0.0233 <= min_entry_edge=0.0250,
2026-01-12T21:54:32.942256+00:00,1768254872.942256,INFO,__main__,BALANCE available=$53.22 portfolio_value=$1.94,
2026-01-12T21:54:33.006465+00:00,1768254873.006465,INFO,__main__,21:54:32Z  KXBTC15M-26JAN121700-00  tte=5m27s  spot=$90867.49  strike=$91232.70  fee_mode=taker  fee/c=-  p_up=1.50%  mkt=4.00%  EV_yes=-3.50%  EV_no=2.50%  decision=NO  kelly=6.24%  qty=3,
2026-01-12T21:54:33.006726+00:00,1768254873.006726,INFO,tradebot.tools.order_execution,ENTRY_BLOCK KXBTC15M-26JAN121700-00 side=NO ev_after_fees=0.0250 <= min_entry_edge=0.0250,
2026-01-12T21:54:38.889097+00:00,1768254878.889097,INFO,__main__,BALANCE available=$53.22 portfolio_value=$1.92,
2026-01-12T21:54:38.945141+00:00,1768254878.945141,INFO,__main__,21:54:38Z  KXBTC15M-26JAN121700-00  tte=5m21s  spot=$90866.03  strike=$91232.70  fee_mode=taker  fee/c=-  p_up=1.50%  mkt=1.00%  EV_yes=-0.50%  EV_no=-0.50%  decision=-  kelly=-  qty=-,
2026-01-12T21:54:44.955644+00:00,1768254884.955644,INFO,__main__,BALANCE available=$53.22 portfolio_value=$1.94,
2026-01-12T21:54:45.010316+00:00,1768254885.010316,INFO,__main__,21:54:44Z  KXBTC15M-26JAN121700-00  tte=5m15s  spot=$90871.87  strike=$91232.70  fee_mode=taker  fee/c=-  p_up=1.50%  mkt=1.00%  EV_yes=-0.50%  EV_no=-0.50%  decision=-  kelly=-  qty=-,
2026-01-12T21:54:51.233355+00:00,1768254891.233355,INFO,__main__,BALANCE available=$53.22 portfolio_value=$1.92,
2026-01-12T21:54:51.285026+00:00,1768254891.285026,INFO,__main__,21:54:50Z  KXBTC15M-26JAN121700-00  tte=5m09s  spot=$90871.86  strike=$91232.70  fee_mode=taker  fee/c=-  p_up=1.50%  mkt=1.00%  EV_yes=-0.50%  EV_no=-0.50%  decision=-  kelly=-  qty=-,
2026-01-12T21:54:57.176293+00:00,1768254897.176293,INFO,__main__,BALANCE available=$53.22 portfolio_value=$1.92,
2026-01-12T21:54:57.233366+00:00,1768254897.233366,INFO,__main__,21:54:56Z  KXBTC15M-26JAN121700-00  tte=5m03s  spot=$90888.59  strike=$91232.70  fee_mode=taker  fee/c=-  p_up=1.71%  mkt=1.00%  EV_yes=-0.29%  EV_no=-0.71%  decision=-  kelly=-  qty=-,
2026-01-12T21:55:03.195779+00:00,1768254903.195779,INFO,__main__,BALANCE available=$53.22 portfolio_value=$1.92,
2026-01-12T21:55:03.259650+00:00,1768254903.259650,INFO,__main__,21:55:02Z  KXBTC15M-26JAN121700-00  tte=4m57s  spot=$90861.99  strike=$91232.70  fee_mode=taker  fee/c=-  p_up=0.72%  mkt=4.00%  EV_yes=-4.28%  EV_no=3.28%  decision=NO  kelly=8.21%  qty=4,
2026-01-12T21:55:03.259916+00:00,1768254903.259916,WARNING,tradebot.tools.order_execution,ORDER_BLOCK KXBTC15M-26JAN121700-00 side=NO reason=missing_best_ask best_yes_ask=4 best_no_ask=None best_yes_bid=None best_no_bid=96,
2026-01-12T21:55:09.156658+00:00,1768254909.156658,INFO,__main__,BALANCE available=$53.22 portfolio_value=$1.92,
2026-01-12T21:55:09.208410+00:00,1768254909.208410,INFO,__main__,21:55:08Z  KXBTC15M-26JAN121700-00  tte=4m51s  spot=$90870.00  strike=$91232.70  fee_mode=taker  fee/c=-  p_up=0.72%  mkt=4.00%  EV_yes=-4.28%  EV_no=3.28%  decision=NO  kelly=8.21%  qty=4,
2026-01-12T21:55:09.208693+00:00,1768254909.208693,WARNING,tradebot.tools.order_execution,ORDER_BLOCK KXBTC15M-26JAN121700-00 side=NO reason=missing_best_ask best_yes_ask=4 best_no_ask=None best_yes_bid=None best_no_bid=96,
2026-01-12T21:55:15.112044+00:00,1768254915.112044,INFO,__main__,BALANCE available=$53.22 portfolio_value=$1.92,
2026-01-12T21:55:15.174726+00:00,1768254915.174726,INFO,__main__,21:55:14Z  KXBTC15M-26JAN121700-00  tte=4m45s  spot=$90869.90  strike=$91232.70  fee_mode=taker  fee/c=-  p_up=0.72%  mkt=4.00%  EV_yes=-4.28%  EV_no=3.28%  decision=NO  kelly=8.21%  qty=4,
2026-01-12T21:55:15.174974+00:00,1768254915.174974,WARNING,tradebot.tools.order_execution,ORDER_BLOCK KXBTC15M-26JAN121700-00 side=NO reason=missing_best_ask best_yes_ask=4 best_no_ask=None best_yes_bid=None best_no_bid=96,
2026-01-12T21:55:21.055246+00:00,1768254921.055246,INFO,__main__,BALANCE available=$53.22 portfolio_value=$1.92,
2026-01-12T21:55:21.116759+00:00,1768254921.116759,INFO,__main__,21:55:20Z  KXBTC15M-26JAN121700-00  tte=4m39s  spot=$90872.00  strike=$91232.70  fee_mode=taker  fee/c=-  p_up=0.72%  mkt=4.00%  EV_yes=-4.28%  EV_no=3.28%  decision=NO  kelly=8.21%  qty=4,
2026-01-12T21:55:21.117034+00:00,1768254921.117034,WARNING,tradebot.tools.order_execution,ORDER_BLOCK KXBTC15M-26JAN121700-00 side=NO reason=missing_best_ask best_yes_ask=4 best_no_ask=None best_yes_bid=None best_no_bid=96,
2026-01-12T21:55:27.256787+00:00,1768254927.256787,INFO,__main__,BALANCE available=$53.22 portfolio_value=$1.92,
2026-01-12T21:55:27.315387+00:00,1768254927.315387,INFO,__main__,21:55:26Z  KXBTC15M-26JAN121700-00  tte=4m33s  spot=$90888.00  strike=$91232.70  fee_mode=taker  fee/c=-  p_up=0.81%  mkt=5.00%  EV_yes=-5.19%  EV_no=4.19%  decision=NO  kelly=8.39%  qty=4,
2026-01-12T21:55:27.315625+00:00,1768254927.315625,WARNING,tradebot.tools.order_execution,ORDER_BLOCK KXBTC15M-26JAN121700-00 side=NO reason=missing_best_ask best_yes_ask=5 best_no_ask=None best_yes_bid=None best_no_bid=95,
2026-01-12T21:55:33.169303+00:00,1768254933.169303,INFO,__main__,BALANCE available=$53.22 portfolio_value=$1.98,
2026-01-12T21:55:33.221820+00:00,1768254933.221820,INFO,__main__,21:55:32Z  KXBTC15M-26JAN121700-00  tte=4m27s  spot=$90902.52  strike=$91232.70  fee_mode=taker  fee/c=-  p_up=0.81%  mkt=1.00%  EV_yes=-1.19%  EV_no=0.19%  decision=NO  kelly=1.94%  qty=1,
2026-01-12T21:55:33.222105+00:00,1768254933.222105,INFO,tradebot.tools.order_execution,ENTRY_BLOCK KXBTC15M-26JAN121700-00 side=NO ev_after_fees=0.0019 <= min_entry_edge=0.0250,
2026-01-12T21:55:39.120475+00:00,1768254939.120475,INFO,__main__,BALANCE available=$53.22 portfolio_value=$1.92,
2026-01-12T21:55:39.177960+00:00,1768254939.177960,INFO,__main__,21:55:38Z  KXBTC15M-26JAN121700-00  tte=4m21s  spot=$90923.30  strike=$91232.70  fee_mode=taker  fee/c=-  p_up=0.81%  mkt=1.00%  EV_yes=-1.19%  EV_no=0.19%  decision=NO  kelly=1.87%  qty=1,
2026-01-12T21:55:39.178226+00:00,1768254939.178226,INFO,tradebot.tools.order_execution,ENTRY_BLOCK KXBTC15M-26JAN121700-00 side=NO ev_after_fees=0.0019 <= min_entry_edge=0.0250,
2026-01-12T21:55:45.140447+00:00,1768254945.140447,INFO,__main__,BALANCE available=$53.22 portfolio_value=$1.92,
2026-01-12T21:55:45.196130+00:00,1768254945.196130,INFO,__main__,21:55:44Z  KXBTC15M-26JAN121700-00  tte=4m15s  spot=$90945.70  strike=$91232.70  fee_mode=taker  fee/c=-  p_up=1.25%  mkt=1.00%  EV_yes=-0.75%  EV_no=-0.25%  decision=-  kelly=-  qty=-,
2026-01-12T21:55:51.094349+00:00,1768254951.094349,INFO,__main__,BALANCE available=$53.22 portfolio_value=$1.92,
2026-01-12T21:55:51.153524+00:00,1768254951.153524,INFO,__main__,21:55:50Z  KXBTC15M-26JAN121700-00  tte=4m09s  spot=$90945.69  strike=$91232.70  fee_mode=taker  fee/c=-  p_up=1.25%  mkt=5.00%  EV_yes=-4.75%  EV_no=3.75%  decision=NO  kelly=7.49%  qty=4,
2026-01-12T21:55:51.153761+00:00,1768254951.153761,WARNING,tradebot.tools.order_execution,ORDER_BLOCK KXBTC15M-26JAN121700-00 side=NO reason=missing_best_ask best_yes_ask=5 best_no_ask=None best_yes_bid=None best_no_bid=95,
2026-01-12T21:55:57.021870+00:00,1768254957.021870,INFO,__main__,BALANCE available=$53.22 portfolio_value=$1.92,
2026-01-12T21:55:57.080123+00:00,1768254957.080123,INFO,__main__,21:55:56Z  KXBTC15M-26JAN121700-00  tte=4m03s  spot=$90961.23  strike=$91232.70  fee_mode=taker  fee/c=-  p_up=1.43%  mkt=4.00%  EV_yes=-3.57%  EV_no=2.57%  decision=NO  kelly=6.44%  qty=3,
2026-01-12T21:55:57.080390+00:00,1768254957.080390,WARNING,tradebot.tools.order_execution,ORDER_BLOCK KXBTC15M-26JAN121700-00 side=NO reason=missing_best_ask best_yes_ask=4 best_no_ask=None best_yes_bid=None best_no_bid=96,
2026-01-12T21:56:03.030153+00:00,1768254963.030153,INFO,__main__,BALANCE available=$53.22 portfolio_value=$1.92,
2026-01-12T21:56:03.085422+00:00,1768254963.085422,INFO,__main__,21:56:02Z  KXBTC15M-26JAN121700-00  tte=3m57s  spot=$90980.01  strike=$91232.70  fee_mode=taker  fee/c=-  p_up=0.77%  mkt=4.00%  EV_yes=-4.23%  EV_no=3.23%  decision=NO  kelly=8.07%  qty=4,
2026-01-12T21:56:03.085665+00:00,1768254963.085665,WARNING,tradebot.tools.order_execution,ORDER_BLOCK KXBTC15M-26JAN121700-00 side=NO reason=missing_best_ask best_yes_ask=4 best_no_ask=None best_yes_bid=None best_no_bid=96,
2026-01-12T21:56:08.982385+00:00,1768254968.982385,INFO,__main__,BALANCE available=$53.22 portfolio_value=$1.90,
2026-01-12T21:56:09.037350+00:00,1768254969.037350,INFO,__main__,21:56:08Z  KXBTC15M-26JAN121700-00  tte=3m51s  spot=$90973.71  strike=$91232.70  fee_mode=taker  fee/c=-  p_up=0.77%  mkt=4.00%  EV_yes=-4.23%  EV_no=3.23%  decision=NO  kelly=8.07%  qty=4,
2026-01-12T21:56:09.037607+00:00,1768254969.037607,WARNING,tradebot.tools.order_execution,ORDER_BLOCK KXBTC15M-26JAN121700-00 side=NO reason=missing_best_ask best_yes_ask=4 best_no_ask=None best_yes_bid=None best_no_bid=96,
2026-01-12T21:56:14.962938+00:00,1768254974.962938,INFO,__main__,BALANCE available=$53.22 portfolio_value=$1.90,
2026-01-12T21:56:15.015204+00:00,1768254975.015204,INFO,__main__,21:56:14Z  KXBTC15M-26JAN121700-00  tte=3m45s  spot=$90934.00  strike=$91232.70  fee_mode=taker  fee/c=-  p_up=0.64%  mkt=4.00%  EV_yes=-4.36%  EV_no=3.36%  decision=NO  kelly=8.41%  qty=4,
2026-01-12T21:56:15.015435+00:00,1768254975.015435,WARNING,tradebot.tools.order_execution,ORDER_BLOCK KXBTC15M-26JAN121700-00 side=NO reason=missing_best_ask best_yes_ask=4 best_no_ask=None best_yes_bid=None best_no_bid=96,
2026-01-12T21:56:20.826828+00:00,1768254980.826828,INFO,__main__,BALANCE available=$53.22 portfolio_value=$1.90,
2026-01-12T21:56:20.884851+00:00,1768254980.884851,INFO,__main__,21:56:20Z  KXBTC15M-26JAN121700-00  tte=3m39s  spot=$90934.60  strike=$91232.70  fee_mode=taker  fee/c=-  p_up=0.64%  mkt=4.00%  EV_yes=-4.36%  EV_no=3.36%  decision=NO  kelly=8.41%  qty=4,
2026-01-12T21:56:20.885102+00:00,1768254980.885102,WARNING,tradebot.tools.order_execution,ORDER_BLOCK KXBTC15M-26JAN121700-00 side=NO reason=missing_best_ask best_yes_ask=4 best_no_ask=None best_yes_bid=None best_no_bid=96,
2026-01-12T21:56:26.853009+00:00,1768254986.853009,INFO,__main__,BALANCE available=$53.22 portfolio_value=$1.90,
2026-01-12T21:56:26.911251+00:00,1768254986.911251,INFO,__main__,21:56:26Z  KXBTC15M-26JAN121700-00  tte=3m33s  spot=$90943.92  strike=$91232.70  fee_mode=taker  fee/c=-  p_up=0.68%  mkt=4.00%  EV_yes=-4.32%  EV_no=3.32%  decision=NO  kelly=8.31%  qty=4,
2026-01-12T21:56:26.911526+00:00,1768254986.911526,WARNING,tradebot.tools.order_execution,ORDER_BLOCK KXBTC15M-26JAN121700-00 side=NO reason=missing_best_ask best_yes_ask=4 best_no_ask=None best_yes_bid=None best_no_bid=96,
2026-01-12T21:56:32.921159+00:00,1768254992.921159,INFO,__main__,BALANCE available=$53.22 portfolio_value=$1.90,
2026-01-12T21:56:33.024829+00:00,1768254993.024829,INFO,__main__,21:56:32Z  KXBTC15M-26JAN121700-00  tte=3m27s  spot=$90922.34  strike=$91232.70  fee_mode=taker  fee/c=-  p_up=0.45%  mkt=4.00%  EV_yes=-4.55%  EV_no=3.55%  decision=NO  kelly=8.89%  qty=4,
2026-01-12T21:56:33.025095+00:00,1768254993.025095,WARNING,tradebot.tools.order_execution,ORDER_BLOCK KXBTC15M-26JAN121700-00 side=NO reason=missing_best_ask best_yes_ask=4 best_no_ask=None best_yes_bid=None best_no_bid=96,
2026-01-12T21:56:38.920623+00:00,1768254998.920623,INFO,__main__,BALANCE available=$53.22 portfolio_value=$1.90,
2026-01-12T21:56:38.974408+00:00,1768254998.974408,INFO,__main__,21:56:38Z  KXBTC15M-26JAN121700-00  tte=3m21s  spot=$90922.85  strike=$91232.70  fee_mode=taker  fee/c=-  p_up=0.45%  mkt=4.00%  EV_yes=-4.55%  EV_no=3.55%  decision=NO  kelly=8.89%  qty=4,
2026-01-12T21:56:38.974646+00:00,1768254998.974646,WARNING,tradebot.tools.order_execution,ORDER_BLOCK KXBTC15M-26JAN121700-00 side=NO reason=missing_best_ask best_yes_ask=4 best_no_ask=None best_yes_bid=None best_no_bid=96,
2026-01-12T21:56:44.882051+00:00,1768255004.882051,INFO,__main__,BALANCE available=$53.22 portfolio_value=$1.92,
2026-01-12T21:56:44.935245+00:00,1768255004.935245,INFO,__main__,21:56:44Z  KXBTC15M-26JAN121700-00  tte=3m15s  spot=$90922.34  strike=$91232.70  fee_mode=taker  fee/c=-  p_up=0.45%  mkt=4.00%  EV_yes=-4.55%  EV_no=3.55%  decision=NO  kelly=8.89%  qty=4,
2026-01-12T21:56:44.935500+00:00,1768255004.935500,WARNING,tradebot.tools.order_execution,ORDER_BLOCK KXBTC15M-26JAN121700-00 side=NO reason=missing_best_ask best_yes_ask=4 best_no_ask=None best_yes_bid=None best_no_bid=96,
2026-01-12T21:56:50.768119+00:00,1768255010.768119,INFO,__main__,BALANCE available=$53.22 portfolio_value=$1.92,
2026-01-12T21:56:50.826911+00:00,1768255010.826911,INFO,__main__,21:56:50Z  KXBTC15M-26JAN121700-00  tte=3m09s  spot=$90931.29  strike=$91232.70  fee_mode=taker  fee/c=-  p_up=0.45%  mkt=4.00%  EV_yes=-4.55%  EV_no=3.55%  decision=NO  kelly=8.89%  qty=4,
2026-01-12T21:56:50.827144+00:00,1768255010.827144,WARNING,tradebot.tools.order_execution,ORDER_BLOCK KXBTC15M-26JAN121700-00 side=NO reason=missing_best_ask best_yes_ask=4 best_no_ask=None best_yes_bid=None best_no_bid=96,
2026-01-12T21:56:56.701253+00:00,1768255016.701253,INFO,__main__,BALANCE available=$53.22 portfolio_value=$1.92,
2026-01-12T21:56:56.756729+00:00,1768255016.756729,INFO,__main__,21:56:56Z  KXBTC15M-26JAN121700-00  tte=3m03s  spot=$90931.38  strike=$91232.70  fee_mode=taker  fee/c=-  p_up=0.45%  mkt=3.00%  EV_yes=-3.55%  EV_no=2.55%  decision=NO  kelly=8.51%  qty=4,
2026-01-12T21:56:56.756997+00:00,1768255016.756997,WARNING,tradebot.tools.order_execution,ORDER_BLOCK KXBTC15M-26JAN121700-00 side=NO reason=missing_best_ask best_yes_ask=3 best_no_ask=None best_yes_bid=None best_no_bid=97,
2026-01-12T21:57:02.717005+00:00,1768255022.717005,INFO,__main__,BALANCE available=$53.22 portfolio_value=$1.92,
2026-01-12T21:57:02.772627+00:00,1768255022.772627,INFO,__main__,21:57:02Z  KXBTC15M-26JAN121700-00  tte=2m57s  spot=$90928.04  strike=$91232.70  fee_mode=taker  fee/c=-  p_up=0.12%  mkt=1.00%  EV_yes=-1.88%  EV_no=0.88%  decision=NO  kelly=8.76%  qty=4,
2026-01-12T21:57:02.772866+00:00,1768255022.772866,INFO,tradebot.tools.order_execution,ENTRY_BLOCK KXBTC15M-26JAN121700-00 side=NO ev_after_fees=0.0088 <= min_entry_edge=0.0250,
2026-01-12T21:57:08.672489+00:00,1768255028.672489,INFO,__main__,BALANCE available=$53.22 portfolio_value=$1.92,
2026-01-12T21:57:08.729869+00:00,1768255028.729869,INFO,__main__,21:57:08Z  KXBTC15M-26JAN121700-00  tte=2m51s  spot=$90928.04  strike=$91232.70  fee_mode=taker  fee/c=-  p_up=0.12%  mkt=1.00%  EV_yes=-1.88%  EV_no=0.88%  decision=NO  kelly=8.76%  qty=4,
2026-01-12T21:57:08.730131+00:00,1768255028.730131,INFO,tradebot.tools.order_execution,ENTRY_BLOCK KXBTC15M-26JAN121700-00 side=NO ev_after_fees=0.0088 <= min_entry_edge=0.0250,
2026-01-12T21:57:14.577739+00:00,1768255034.577739,INFO,__main__,BALANCE available=$53.22 portfolio_value=$1.92,
2026-01-12T21:57:14.633905+00:00,1768255034.633905,INFO,__main__,21:57:14Z  KXBTC15M-26JAN121700-00  tte=2m45s  spot=$90928.04  strike=$91232.70  fee_mode=taker  fee/c=-  p_up=0.12%  mkt=1.00%  EV_yes=-1.88%  EV_no=0.88%  decision=NO  kelly=8.76%  qty=4,
2026-01-12T21:57:14.634177+00:00,1768255034.634177,INFO,tradebot.tools.order_execution,ENTRY_BLOCK KXBTC15M-26JAN121700-00 side=NO ev_after_fees=0.0088 <= min_entry_edge=0.0250,
2026-01-12T21:57:20.508265+00:00,1768255040.508265,INFO,__main__,BALANCE available=$53.22 portfolio_value=$1.92,
2026-01-12T21:57:20.564518+00:00,1768255040.564518,INFO,__main__,21:57:20Z  KXBTC15M-26JAN121700-00  tte=2m39s  spot=$90921.49  strike=$91232.70  fee_mode=taker  fee/c=-  p_up=0.12%  mkt=1.00%  EV_yes=-1.88%  EV_no=0.88%  decision=NO  kelly=8.76%  qty=4,
2026-01-12T21:57:20.564766+00:00,1768255040.564766,INFO,tradebot.tools.order_execution,ENTRY_BLOCK KXBTC15M-26JAN121700-00 side=NO ev_after_fees=0.0088 <= min_entry_edge=0.0250,
2026-01-12T21:57:26.540517+00:00,1768255046.540517,INFO,__main__,BALANCE available=$53.22 portfolio_value=$1.94,
2026-01-12T21:57:26.590465+00:00,1768255046.590465,INFO,__main__,21:57:26Z  KXBTC15M-26JAN121700-00  tte=2m33s  spot=$90921.40  strike=$91232.70  fee_mode=taker  fee/c=-  p_up=0.12%  mkt=1.00%  EV_yes=-1.88%  EV_no=0.88%  decision=NO  kelly=8.76%  qty=4,
2026-01-12T21:57:26.590719+00:00,1768255046.590719,INFO,tradebot.tools.order_execution,ENTRY_BLOCK KXBTC15M-26JAN121700-00 side=NO ev_after_fees=0.0088 <= min_entry_edge=0.0250,
2026-01-12T21:57:32.584455+00:00,1768255052.584455,INFO,__main__,BALANCE available=$53.22 portfolio_value=$1.94,
2026-01-12T21:57:32.646745+00:00,1768255052.646745,INFO,__main__,21:57:32Z  KXBTC15M-26JAN121700-00  tte=2m27s  spot=$90900.98  strike=$91232.70  fee_mode=taker  fee/c=-  p_up=0.12%  mkt=1.00%  EV_yes=-1.88%  EV_no=0.88%  decision=NO  kelly=8.77%  qty=4,
2026-01-12T21:57:32.646991+00:00,1768255052.646991,INFO,tradebot.tools.order_execution,ENTRY_BLOCK KXBTC15M-26JAN121700-00 side=NO ev_after_fees=0.0088 <= min_entry_edge=0.0250,
2026-01-12T21:57:38.685540+00:00,1768255058.685540,INFO,__main__,BALANCE available=$53.22 portfolio_value=$1.98,
2026-01-12T21:57:38.745255+00:00,1768255058.745255,INFO,__main__,21:57:38Z  KXBTC15M-26JAN121700-00  tte=2m21s  spot=$90893.76  strike=$91232.70  fee_mode=taker  fee/c=-  p_up=0.12%  mkt=1.00%  EV_yes=-1.88%  EV_no=0.88%  decision=NO  kelly=8.77%  qty=4,
2026-01-12T21:57:38.745570+00:00,1768255058.745570,INFO,tradebot.tools.order_execution,ENTRY_BLOCK KXBTC15M-26JAN121700-00 side=NO ev_after_fees=0.0088 <= min_entry_edge=0.0250,
2026-01-12T21:57:44.720892+00:00,1768255064.720892,INFO,__main__,BALANCE available=$53.22 portfolio_value=$1.98,
2026-01-12T21:57:44.779569+00:00,1768255064.779569,INFO,__main__,21:57:44Z  KXBTC15M-26JAN121700-00  tte=2m15s  spot=$90889.61  strike=$91232.70  fee_mode=taker  fee/c=-  p_up=0.12%  mkt=1.00%  EV_yes=-1.88%  EV_no=0.88%  decision=NO  kelly=8.77%  qty=4,
2026-01-12T21:57:44.779827+00:00,1768255064.779827,INFO,tradebot.tools.order_execution,ENTRY_BLOCK KXBTC15M-26JAN121700-00 side=NO ev_after_fees=0.0088 <= min_entry_edge=0.0250,
2026-01-12T21:57:50.824391+00:00,1768255070.824391,INFO,__main__,BALANCE available=$53.22 portfolio_value=$1.98,
2026-01-12T21:57:50.882411+00:00,1768255070.882411,INFO,__main__,21:57:50Z  KXBTC15M-26JAN121700-00  tte=2m09s  spot=$90882.12  strike=$91232.70  fee_mode=taker  fee/c=-  p_up=0.12%  mkt=1.00%  EV_yes=-1.88%  EV_no=0.88%  decision=NO  kelly=8.77%  qty=4,
2026-01-12T21:57:50.882656+00:00,1768255070.882656,INFO,tradebot.tools.order_execution,ENTRY_BLOCK KXBTC15M-26JAN121700-00 side=NO ev_after_fees=0.0088 <= min_entry_edge=0.0250,
2026-01-12T21:57:56.869445+00:00,1768255076.869445,INFO,__main__,BALANCE available=$53.22 portfolio_value=$1.98,
2026-01-12T21:57:56.925915+00:00,1768255076.925915,INFO,__main__,21:57:56Z  KXBTC15M-26JAN121700-00  tte=2m03s  spot=$90877.75  strike=$91232.70  fee_mode=taker  fee/c=-  p_up=0.12%  mkt=1.00%  EV_yes=-1.88%  EV_no=0.88%  decision=NO  kelly=8.77%  qty=4,
2026-01-12T21:57:56.926161+00:00,1768255076.926161,INFO,tradebot.tools.order_execution,ENTRY_BLOCK KXBTC15M-26JAN121700-00 side=NO ev_after_fees=0.0088 <= min_entry_edge=0.0250,
2026-01-12T21:58:02.820259+00:00,1768255082.820259,INFO,__main__,BALANCE available=$53.22 portfolio_value=$1.98,
2026-01-12T21:58:02.872111+00:00,1768255082.872111,INFO,__main__,21:58:02Z  KXBTC15M-26JAN121700-00  tte=1m57s  spot=$90876.20  strike=$91232.70  fee_mode=taker  fee/c=-  p_up=0.01%  mkt=1.00%  EV_yes=-1.99%  EV_no=0.99%  decision=NO  kelly=9.91%  qty=5,
2026-01-12T21:58:02.872336+00:00,1768255082.872336,INFO,tradebot.tools.order_execution,ENTRY_BLOCK KXBTC15M-26JAN121700-00 side=NO ev_after_fees=0.0099 <= min_entry_edge=0.0250,
2026-01-12T21:58:08.744083+00:00,1768255088.744083,INFO,__main__,BALANCE available=$53.22 portfolio_value=$1.98,
2026-01-12T21:58:08.793850+00:00,1768255088.793850,INFO,__main__,21:58:08Z  KXBTC15M-26JAN121700-00  tte=1m51s  spot=$90871.87  strike=$91232.70  fee_mode=taker  fee/c=-  p_up=0.01%  mkt=1.00%  EV_yes=-1.99%  EV_no=0.99%  decision=NO  kelly=9.92%  qty=5,
2026-01-12T21:58:08.794110+00:00,1768255088.794110,INFO,tradebot.tools.order_execution,ENTRY_BLOCK KXBTC15M-26JAN121700-00 side=NO ev_after_fees=0.0099 <= min_entry_edge=0.0250,
2026-01-12T21:58:14.700622+00:00,1768255094.700622,INFO,__main__,BALANCE available=$53.22 portfolio_value=$1.98,
2026-01-12T21:58:14.757193+00:00,1768255094.757193,INFO,__main__,21:58:14Z  KXBTC15M-26JAN121700-00  tte=1m45s  spot=$90886.45  strike=$91232.70  fee_mode=taker  fee/c=-  p_up=0.01%  mkt=1.00%  EV_yes=-1.99%  EV_no=0.99%  decision=NO  kelly=9.91%  qty=5,
2026-01-12T21:58:14.757465+00:00,1768255094.757465,INFO,tradebot.tools.order_execution,ENTRY_BLOCK KXBTC15M-26JAN121700-00 side=NO ev_after_fees=0.0099 <= min_entry_edge=0.0250,
2026-01-12T21:58:20.861376+00:00,1768255100.861376,INFO,__main__,BALANCE available=$53.22 portfolio_value=$1.98,
2026-01-12T21:58:20.923650+00:00,1768255100.923650,INFO,__main__,21:58:20Z  KXBTC15M-26JAN121700-00  tte=1m39s  spot=$90880.02  strike=$91232.70  fee_mode=taker  fee/c=-  p_up=0.01%  mkt=1.00%  EV_yes=-1.99%  EV_no=0.99%  decision=NO  kelly=9.91%  qty=5,
2026-01-12T21:58:20.923993+00:00,1768255100.923993,INFO,tradebot.tools.order_execution,ENTRY_BLOCK KXBTC15M-26JAN121700-00 side=NO ev_after_fees=0.0099 <= min_entry_edge=0.0250,
2026-01-12T21:58:26.792757+00:00,1768255106.792757,INFO,__main__,BALANCE available=$53.22 portfolio_value=$1.98,
2026-01-12T21:58:26.844669+00:00,1768255106.844669,INFO,__main__,21:58:26Z  KXBTC15M-26JAN121700-00  tte=1m33s  spot=$90886.00  strike=$91232.70  fee_mode=taker  fee/c=-  p_up=0.01%  mkt=1.00%  EV_yes=-1.99%  EV_no=0.99%  decision=NO  kelly=9.91%  qty=5,
2026-01-12T21:58:26.844912+00:00,1768255106.844912,INFO,tradebot.tools.order_execution,ENTRY_BLOCK KXBTC15M-26JAN121700-00 side=NO ev_after_fees=0.0099 <= min_entry_edge=0.0250,
2026-01-12T21:58:32.959791+00:00,1768255112.959791,INFO,__main__,BALANCE available=$53.22 portfolio_value=$1.98,
2026-01-12T21:58:33.009731+00:00,1768255113.009731,INFO,__main__,21:58:32Z  KXBTC15M-26JAN121700-00  tte=1m27s  spot=$90886.02  strike=$91232.70  fee_mode=taker  fee/c=-  p_up=0.01%  mkt=1.00%  EV_yes=-1.99%  EV_no=0.99%  decision=NO  kelly=9.91%  qty=5,
2026-01-12T21:58:33.009963+00:00,1768255113.009963,INFO,tradebot.tools.order_execution,ENTRY_BLOCK KXBTC15M-26JAN121700-00 side=NO ev_after_fees=0.0099 <= min_entry_edge=0.0250,
2026-01-12T21:58:38.866578+00:00,1768255118.866578,INFO,__main__,BALANCE available=$53.22 portfolio_value=$1.98,
2026-01-12T21:58:38.922400+00:00,1768255118.922400,INFO,__main__,21:58:38Z  KXBTC15M-26JAN121700-00  tte=1m21s  spot=$90887.39  strike=$91232.70  fee_mode=taker  fee/c=-  p_up=0.01%  mkt=1.00%  EV_yes=-1.99%  EV_no=0.99%  decision=NO  kelly=9.91%  qty=5,
2026-01-12T21:58:38.922641+00:00,1768255118.922641,INFO,tradebot.tools.order_execution,ENTRY_BLOCK KXBTC15M-26JAN121700-00 side=NO ev_after_fees=0.0099 <= min_entry_edge=0.0250,
2026-01-12T21:58:44.896922+00:00,1768255124.896922,INFO,__main__,BALANCE available=$53.22 portfolio_value=$1.98,
2026-01-12T21:58:44.953120+00:00,1768255124.953120,INFO,__main__,21:58:44Z  KXBTC15M-26JAN121700-00  tte=1m15s  spot=$90898.05  strike=$91232.70  fee_mode=taker  fee/c=-  p_up=0.01%  mkt=1.00%  EV_yes=-1.99%  EV_no=0.99%  decision=NO  kelly=9.91%  qty=5,
2026-01-12T21:58:44.953383+00:00,1768255124.953383,INFO,tradebot.tools.order_execution,ENTRY_BLOCK KXBTC15M-26JAN121700-00 side=NO ev_after_fees=0.0099 <= min_entry_edge=0.0250,
2026-01-12T21:58:50.837319+00:00,1768255130.837319,INFO,__main__,BALANCE available=$53.22 portfolio_value=$1.98,
2026-01-12T21:58:50.887442+00:00,1768255130.887442,INFO,__main__,21:58:50Z  KXBTC15M-26JAN121700-00  tte=1m09s  spot=$90908.00  strike=$91232.70  fee_mode=taker  fee/c=-  p_up=0.01%  mkt=1.00%  EV_yes=-1.99%  EV_no=0.99%  decision=NO  kelly=9.91%  qty=5,
2026-01-12T21:58:50.887702+00:00,1768255130.887702,INFO,tradebot.tools.order_execution,ENTRY_BLOCK KXBTC15M-26JAN121700-00 side=NO ev_after_fees=0.0099 <= min_entry_edge=0.0250,
2026-01-12T21:58:52.511359+00:00,1768255132.511359,INFO,__main__,Stopped,
